Model,MAE,RMSE,R2 Score
Linear Regression,942.9622999250612,1269.6317253693899,0.7086970381655695
Random Forest,533.9353106800454,932.4801509943355,0.8428665808782232
